-- MySQL dump 10.13  Distrib 8.4.9, for Win64 (x86_64)
--
-- Host: localhost    Database: school
-- ------------------------------------------------------
-- Server version	8.4.9

/*!40101 SET @OLD_CHARACTER_SET_CLIENT=@@CHARACTER_SET_CLIENT */;
/*!40101 SET @OLD_CHARACTER_SET_RESULTS=@@CHARACTER_SET_RESULTS */;
/*!40101 SET @OLD_COLLATION_CONNECTION=@@COLLATION_CONNECTION */;
/*!50503 SET NAMES utf8mb4 */;
/*!40103 SET @OLD_TIME_ZONE=@@TIME_ZONE */;
/*!40103 SET TIME_ZONE='+00:00' */;
/*!40014 SET @OLD_UNIQUE_CHECKS=@@UNIQUE_CHECKS, UNIQUE_CHECKS=0 */;
/*!40014 SET @OLD_FOREIGN_KEY_CHECKS=@@FOREIGN_KEY_CHECKS, FOREIGN_KEY_CHECKS=0 */;
/*!40101 SET @OLD_SQL_MODE=@@SQL_MODE, SQL_MODE='NO_AUTO_VALUE_ON_ZERO' */;
/*!40111 SET @OLD_SQL_NOTES=@@SQL_NOTES, SQL_NOTES=0 */;

--
-- Table structure for table `class`
--

DROP TABLE IF EXISTS `class`;
/*!40101 SET @saved_cs_client     = @@character_set_client */;
/*!50503 SET character_set_client = utf8mb4 */;
CREATE TABLE `class` (
  `cid` int NOT NULL AUTO_INCREMENT,
  `caption` varchar(16) NOT NULL,
  PRIMARY KEY (`cid`)
) ENGINE=InnoDB AUTO_INCREMENT=23 DEFAULT CHARSET=utf8mb3;
/*!40101 SET character_set_client = @saved_cs_client */;

--
-- Dumping data for table `class`
--

LOCK TABLES `class` WRITE;
/*!40000 ALTER TABLE `class` DISABLE KEYS */;
INSERT INTO `class` VALUES (1,'一年一班'),(2,'一年二班'),(3,'一年三班'),(4,'二年一班'),(5,'二年二班'),(6,'二年三班'),(7,'三年一班'),(8,'三年二班'),(9,'三年三班'),(10,'三年四班'),(11,'四年一班'),(12,'四年二班'),(13,'四年三班'),(14,'四年四班'),(15,'五年一班'),(16,'五年二班'),(17,'五年三班'),(18,'五年四班'),(19,'六年一班'),(20,'六年二班'),(21,'六年三班'),(22,'六年四班');
/*!40000 ALTER TABLE `class` ENABLE KEYS */;
UNLOCK TABLES;

--
-- Table structure for table `course`
--

DROP TABLE IF EXISTS `course`;
/*!40101 SET @saved_cs_client     = @@character_set_client */;
/*!50503 SET character_set_client = utf8mb4 */;
CREATE TABLE `course` (
  `cid` int NOT NULL AUTO_INCREMENT,
  `cname` varchar(16) NOT NULL,
  `teacher_id` int NOT NULL,
  PRIMARY KEY (`cid`),
  KEY `fk_coures_teacher` (`teacher_id`),
  CONSTRAINT `fk_coures_teacher` FOREIGN KEY (`teacher_id`) REFERENCES `teacher` (`tid`)
) ENGINE=InnoDB AUTO_INCREMENT=13 DEFAULT CHARSET=utf8mb3;
/*!40101 SET character_set_client = @saved_cs_client */;

--
-- Dumping data for table `course`
--

LOCK TABLES `course` WRITE;
/*!40000 ALTER TABLE `course` DISABLE KEYS */;
INSERT INTO `course` VALUES (1,'语文',1),(2,'数学',10),(3,'英语',3),(4,'信息技术',4),(5,'地理',5),(6,'物理',6),(7,'化学',7),(8,'政治',8),(9,'历史',9),(10,'体育',2),(11,'美术',13),(12,'音乐',13);
/*!40000 ALTER TABLE `course` ENABLE KEYS */;
UNLOCK TABLES;

--
-- Table structure for table `score`
--

DROP TABLE IF EXISTS `score`;
/*!40101 SET @saved_cs_client     = @@character_set_client */;
/*!50503 SET character_set_client = utf8mb4 */;
CREATE TABLE `score` (
  `sid` int NOT NULL AUTO_INCREMENT,
  `student_id` int NOT NULL,
  `course_id` int NOT NULL,
  `number` int NOT NULL,
  PRIMARY KEY (`sid`),
  KEY `fk_score_student` (`student_id`),
  KEY `fk_score_course` (`course_id`),
  CONSTRAINT `fk_score_course` FOREIGN KEY (`course_id`) REFERENCES `course` (`cid`),
  CONSTRAINT `fk_score_student` FOREIGN KEY (`student_id`) REFERENCES `student` (`sid`)
) ENGINE=InnoDB AUTO_INCREMENT=1201 DEFAULT CHARSET=utf8mb3;
/*!40101 SET character_set_client = @saved_cs_client */;

--
-- Dumping data for table `score`
--

LOCK TABLES `score` WRITE;
/*!40000 ALTER TABLE `score` DISABLE KEYS */;
INSERT INTO `score` VALUES (1,1,1,51),(2,1,2,41),(3,1,3,43),(4,1,4,76),(5,1,5,77),(6,1,6,69),(7,1,7,77),(8,1,8,83),(9,1,9,69),(10,1,10,47),(11,1,11,99),(12,1,12,78),(13,2,1,99),(14,2,2,46),(15,2,3,67),(16,2,4,77),(17,2,5,89),(18,2,6,98),(19,2,7,52),(20,2,8,50),(21,2,9,55),(22,2,10,82),(23,2,11,98),(24,2,12,82),(25,3,1,48),(26,3,2,79),(27,3,3,84),(28,3,4,60),(29,3,5,73),(30,3,6,66),(31,3,7,55),(32,3,8,50),(33,3,9,85),(34,3,10,66),(35,3,11,48),(36,3,12,73),(37,4,1,37),(38,4,2,87),(39,4,3,70),(40,4,4,61),(41,4,5,65),(42,4,6,77),(43,4,7,88),(44,4,8,95),(45,4,9,100),(46,4,10,46),(47,4,11,79),(48,4,12,72),(49,5,1,35),(50,5,2,96),(51,5,3,85),(52,5,4,91),(53,5,5,64),(54,5,6,49),(55,5,7,60),(56,5,8,91),(57,5,9,83),(58,5,10,57),(59,5,11,98),(60,5,12,86),(61,6,1,63),(62,6,2,53),(63,6,3,41),(64,6,4,57),(65,6,5,51),(66,6,6,76),(67,6,7,91),(68,6,8,75),(69,6,9,47),(70,6,10,98),(71,6,11,56),(72,6,12,92),(73,7,1,89),(74,7,2,37),(75,7,3,72),(76,7,4,95),(77,7,5,60),(78,7,6,57),(79,7,7,100),(80,7,8,47),(81,7,9,75),(82,7,10,93),(83,7,11,91),(84,7,12,55),(85,8,1,56),(86,8,2,91),(87,8,3,35),(88,8,4,89),(89,8,5,50),(90,8,6,61),(91,8,7,41),(92,8,8,59),(93,8,9,57),(94,8,10,82),(95,8,11,72),(96,8,12,74),(97,9,1,73),(98,9,2,95),(99,9,3,80),(100,9,4,36),(101,9,5,47),(102,9,6,42),(103,9,7,44),(104,9,8,77),(105,9,9,50),(106,9,10,97),(107,9,11,36),(108,9,12,58),(109,10,1,89),(110,10,2,76),(111,10,3,50),(112,10,4,76),(113,10,5,91),(114,10,6,99),(115,10,7,87),(116,10,8,61),(117,10,9,40),(118,10,10,52),(119,10,11,48),(120,10,12,61),(121,11,1,68),(122,11,2,73),(123,11,3,43),(124,11,4,66),(125,11,5,100),(126,11,6,88),(127,11,7,88),(128,11,8,96),(129,11,9,91),(130,11,10,97),(131,11,11,68),(132,11,12,36),(133,12,1,86),(134,12,2,42),(135,12,3,71),(136,12,4,99),(137,12,5,65),(138,12,6,58),(139,12,7,74),(140,12,8,85),(141,12,9,99),(142,12,10,70),(143,12,11,58),(144,12,12,66),(145,13,1,87),(146,13,2,48),(147,13,3,60),(148,13,4,39),(149,13,5,68),(150,13,6,80),(151,13,7,50),(152,13,8,50),(153,13,9,88),(154,13,10,96),(155,13,11,63),(156,13,12,42),(157,14,1,65),(158,14,2,88),(159,14,3,80),(160,14,4,68),(161,14,5,54),(162,14,6,73),(163,14,7,71),(164,14,8,49),(165,14,9,74),(166,14,10,44),(167,14,11,68),(168,14,12,38),(169,15,1,96),(170,15,2,54),(171,15,3,41),(172,15,4,76),(173,15,5,95),(174,15,6,44),(175,15,7,86),(176,15,8,43),(177,15,9,95),(178,15,10,76),(179,15,11,78),(180,15,12,82),(181,16,1,66),(182,16,2,83),(183,16,3,44),(184,16,4,97),(185,16,5,57),(186,16,6,76),(187,16,7,40),(188,16,8,59),(189,16,9,53),(190,16,10,72),(191,16,11,72),(192,16,12,90),(193,17,1,90),(194,17,2,38),(195,17,3,42),(196,17,4,79),(197,17,5,40),(198,17,6,55),(199,17,7,73),(200,17,8,35),(201,17,9,91),(202,17,10,53),(203,17,11,36),(204,17,12,82),(205,18,1,80),(206,18,2,64),(207,18,3,43),(208,18,4,98),(209,18,5,91),(210,18,6,60),(211,18,7,91),(212,18,8,81),(213,18,9,50),(214,18,10,56),(215,18,11,80),(216,18,12,87),(217,19,1,71),(218,19,2,99),(219,19,3,42),(220,19,4,93),(221,19,5,91),(222,19,6,59),(223,19,7,39),(224,19,8,95),(225,19,9,43),(226,19,10,70),(227,19,11,47),(228,19,12,75),(229,20,1,98),(230,20,2,88),(231,20,3,90),(232,20,4,78),(233,20,5,73),(234,20,6,99),(235,20,7,75),(236,20,8,82),(237,20,9,81),(238,20,10,53),(239,20,11,88),(240,20,12,95),(241,21,1,59),(242,21,2,80),(243,21,3,39),(244,21,4,77),(245,21,5,52),(246,21,6,82),(247,21,7,58),(248,21,8,81),(249,21,9,79),(250,21,10,72),(251,21,11,93),(252,21,12,37),(253,22,1,80),(254,22,2,88),(255,22,3,69),(256,22,4,36),(257,22,5,61),(258,22,6,85),(259,22,7,46),(260,22,8,89),(261,22,9,81),(262,22,10,49),(263,22,11,68),(264,22,12,71),(265,23,1,53),(266,23,2,86),(267,23,3,39),(268,23,4,83),(269,23,5,97),(270,23,6,93),(271,23,7,50),(272,23,8,94),(273,23,9,37),(274,23,10,59),(275,23,11,40),(276,23,12,44),(277,24,1,95),(278,24,2,50),(279,24,3,43),(280,24,4,97),(281,24,5,66),(282,24,6,70),(283,24,7,35),(284,24,8,68),(285,24,9,47),(286,24,10,63),(287,24,11,45),(288,24,12,36),(289,25,1,47),(290,25,2,66),(291,25,3,53),(292,25,4,79),(293,25,5,91),(294,25,6,46),(295,25,7,78),(296,25,8,60),(297,25,9,64),(298,25,10,46),(299,25,11,97),(300,25,12,78),(301,26,1,47),(302,26,2,82),(303,26,3,78),(304,26,4,60),(305,26,5,100),(306,26,6,53),(307,26,7,59),(308,26,8,61),(309,26,9,88),(310,26,10,46),(311,26,11,49),(312,26,12,77),(313,27,1,43),(314,27,2,97),(315,27,3,57),(316,27,4,64),(317,27,5,62),(318,27,6,89),(319,27,7,45),(320,27,8,38),(321,27,9,39),(322,27,10,46),(323,27,11,90),(324,27,12,41),(325,28,1,48),(326,28,2,62),(327,28,3,42),(328,28,4,75),(329,28,5,44),(330,28,6,81),(331,28,7,98),(332,28,8,64),(333,28,9,68),(334,28,10,35),(335,28,11,43),(336,28,12,79),(337,29,1,49),(338,29,2,51),(339,29,3,91),(340,29,4,59),(341,29,5,84),(342,29,6,39),(343,29,7,79),(344,29,8,80),(345,29,9,59),(346,29,10,96),(347,29,11,100),(348,29,12,86),(349,30,1,97),(350,30,2,84),(351,30,3,90),(352,30,4,79),(353,30,5,84),(354,30,6,67),(355,30,7,43),(356,30,8,79),(357,30,9,84),(358,30,10,87),(359,30,11,37),(360,30,12,62),(361,31,1,61),(362,31,2,91),(363,31,3,71),(364,31,4,95),(365,31,5,88),(366,31,6,88),(367,31,7,99),(368,31,8,56),(369,31,9,55),(370,31,10,95),(371,31,11,59),(372,31,12,70),(373,32,1,48),(374,32,2,41),(375,32,3,60),(376,32,4,80),(377,32,5,87),(378,32,6,50),(379,32,7,96),(380,32,8,65),(381,32,9,83),(382,32,10,38),(383,32,11,59),(384,32,12,56),(385,33,1,56),(386,33,2,36),(387,33,3,78),(388,33,4,45),(389,33,5,91),(390,33,6,40),(391,33,7,63),(392,33,8,79),(393,33,9,59),(394,33,10,50),(395,33,11,58),(396,33,12,71),(397,34,1,38),(398,34,2,85),(399,34,3,82),(400,34,4,51),(401,34,5,71),(402,34,6,91),(403,34,7,49),(404,34,8,44),(405,34,9,98),(406,34,10,63),(407,34,11,74),(408,34,12,74),(409,35,1,62),(410,35,2,90),(411,35,3,59),(412,35,4,86),(413,35,5,82),(414,35,6,99),(415,35,7,35),(416,35,8,81),(417,35,9,57),(418,35,10,49),(419,35,11,75),(420,35,12,100),(421,36,1,94),(422,36,2,56),(423,36,3,62),(424,36,4,78),(425,36,5,41),(426,36,6,87),(427,36,7,76),(428,36,8,50),(429,36,9,91),(430,36,10,100),(431,36,11,60),(432,36,12,35),(433,37,1,81),(434,37,2,69),(435,37,3,70),(436,37,4,90),(437,37,5,51),(438,37,6,42),(439,37,7,44),(440,37,8,53),(441,37,9,66),(442,37,10,48),(443,37,11,52),(444,37,12,83),(445,38,1,43),(446,38,2,63),(447,38,3,44),(448,38,4,75),(449,38,5,64),(450,38,6,79),(451,38,7,84),(452,38,8,66),(453,38,9,63),(454,38,10,73),(455,38,11,93),(456,38,12,55),(457,39,1,79),(458,39,2,100),(459,39,3,84),(460,39,4,70),(461,39,5,83),(462,39,6,50),(463,39,7,95),(464,39,8,92),(465,39,9,80),(466,39,10,76),(467,39,11,44),(468,39,12,72),(469,40,1,79),(470,40,2,83),(471,40,3,58),(472,40,4,44),(473,40,5,72),(474,40,6,83),(475,40,7,97),(476,40,8,96),(477,40,9,90),(478,40,10,99),(479,40,11,79),(480,40,12,41),(481,41,1,49),(482,41,2,73),(483,41,3,98),(484,41,4,73),(485,41,5,91),(486,41,6,70),(487,41,7,81),(488,41,8,72),(489,41,9,89),(490,41,10,67),(491,41,11,40),(492,41,12,63),(493,42,1,77),(494,42,2,62),(495,42,3,72),(496,42,4,62),(497,42,5,44),(498,42,6,72),(499,42,7,49),(500,42,8,80),(501,42,9,53),(502,42,10,44),(503,42,11,38),(504,42,12,76),(505,43,1,92),(506,43,2,96),(507,43,3,89),(508,43,4,92),(509,43,5,96),(510,43,6,51),(511,43,7,77),(512,43,8,98),(513,43,9,74),(514,43,10,38),(515,43,11,91),(516,43,12,92),(517,44,1,50),(518,44,2,45),(519,44,3,100),(520,44,4,85),(521,44,5,44),(522,44,6,58),(523,44,7,92),(524,44,8,61),(525,44,9,67),(526,44,10,83),(527,44,11,73),(528,44,12,94),(529,45,1,62),(530,45,2,96),(531,45,3,92),(532,45,4,66),(533,45,5,57),(534,45,6,62),(535,45,7,75),(536,45,8,89),(537,45,9,88),(538,45,10,46),(539,45,11,88),(540,45,12,79),(541,46,1,91),(542,46,2,74),(543,46,3,38),(544,46,4,86),(545,46,5,40),(546,46,6,87),(547,46,7,66),(548,46,8,80),(549,46,9,49),(550,46,10,57),(551,46,11,50),(552,46,12,40),(553,47,1,53),(554,47,2,67),(555,47,3,76),(556,47,4,85),(557,47,5,45),(558,47,6,85),(559,47,7,53),(560,47,8,46),(561,47,9,91),(562,47,10,40),(563,47,11,76),(564,47,12,60),(565,48,1,54),(566,48,2,39),(567,48,3,77),(568,48,4,98),(569,48,5,42),(570,48,6,40),(571,48,7,59),(572,48,8,77),(573,48,9,81),(574,48,10,79),(575,48,11,65),(576,48,12,77),(577,49,1,80),(578,49,2,54),(579,49,3,47),(580,49,4,87),(581,49,5,46),(582,49,6,96),(583,49,7,63),(584,49,8,65),(585,49,9,48),(586,49,10,67),(587,49,11,95),(588,49,12,81),(589,50,1,70),(590,50,2,91),(591,50,3,82),(592,50,4,77),(593,50,5,95),(594,50,6,81),(595,50,7,39),(596,50,8,92),(597,50,9,49),(598,50,10,87),(599,50,11,43),(600,50,12,87),(601,51,1,92),(602,51,2,77),(603,51,3,62),(604,51,4,89),(605,51,5,36),(606,51,6,47),(607,51,7,46),(608,51,8,79),(609,51,9,39),(610,51,10,96),(611,51,11,43),(612,51,12,57),(613,52,1,94),(614,52,2,92),(615,52,3,73),(616,52,4,76),(617,52,5,51),(618,52,6,52),(619,52,7,37),(620,52,8,35),(621,52,9,40),(622,52,10,96),(623,52,11,100),(624,52,12,62),(625,53,1,57),(626,53,2,41),(627,53,3,72),(628,53,4,72),(629,53,5,50),(630,53,6,85),(631,53,7,52),(632,53,8,99),(633,53,9,66),(634,53,10,42),(635,53,11,86),(636,53,12,49),(637,54,1,62),(638,54,2,92),(639,54,3,67),(640,54,4,42),(641,54,5,60),(642,54,6,90),(643,54,7,88),(644,54,8,91),(645,54,9,60),(646,54,10,38),(647,54,11,97),(648,54,12,44),(649,55,1,44),(650,55,2,54),(651,55,3,55),(652,55,4,41),(653,55,5,72),(654,55,6,97),(655,55,7,93),(656,55,8,97),(657,55,9,95),(658,55,10,59),(659,55,11,79),(660,55,12,63),(661,56,1,92),(662,56,2,95),(663,56,3,99),(664,56,4,91),(665,56,5,95),(666,56,6,36),(667,56,7,54),(668,56,8,87),(669,56,9,51),(670,56,10,79),(671,56,11,75),(672,56,12,37),(673,57,1,94),(674,57,2,78),(675,57,3,80),(676,57,4,100),(677,57,5,68),(678,57,6,84),(679,57,7,98),(680,57,8,79),(681,57,9,56),(682,57,10,53),(683,57,11,63),(684,57,12,74),(685,58,1,76),(686,58,2,83),(687,58,3,56),(688,58,4,83),(689,58,5,87),(690,58,6,59),(691,58,7,43),(692,58,8,42),(693,58,9,74),(694,58,10,57),(695,58,11,67),(696,58,12,61),(697,59,1,67),(698,59,2,56),(699,59,3,81),(700,59,4,84),(701,59,5,67),(702,59,6,36),(703,59,7,96),(704,59,8,92),(705,59,9,56),(706,59,10,74),(707,59,11,56),(708,59,12,64),(709,60,1,95),(710,60,2,43),(711,60,3,100),(712,60,4,52),(713,60,5,65),(714,60,6,83),(715,60,7,93),(716,60,8,89),(717,60,9,67),(718,60,10,91),(719,60,11,72),(720,60,12,47),(721,61,1,100),(722,61,2,80),(723,61,3,96),(724,61,4,99),(725,61,5,62),(726,61,6,38),(727,61,7,62),(728,61,8,92),(729,61,9,42),(730,61,10,51),(731,61,11,41),(732,61,12,100),(733,62,1,63),(734,62,2,68),(735,62,3,79),(736,62,4,69),(737,62,5,99),(738,62,6,81),(739,62,7,48),(740,62,8,43),(741,62,9,70),(742,62,10,77),(743,62,11,60),(744,62,12,98),(745,63,1,67),(746,63,2,70),(747,63,3,58),(748,63,4,79),(749,63,5,74),(750,63,6,76),(751,63,7,85),(752,63,8,48),(753,63,9,82),(754,63,10,38),(755,63,11,77),(756,63,12,88),(757,64,1,49),(758,64,2,89),(759,64,3,91),(760,64,4,55),(761,64,5,76),(762,64,6,64),(763,64,7,46),(764,64,8,40),(765,64,9,95),(766,64,10,56),(767,64,11,99),(768,64,12,67),(769,65,1,54),(770,65,2,91),(771,65,3,95),(772,65,4,96),(773,65,5,97),(774,65,6,93),(775,65,7,45),(776,65,8,100),(777,65,9,98),(778,65,10,68),(779,65,11,92),(780,65,12,71),(781,66,1,52),(782,66,2,51),(783,66,3,54),(784,66,4,95),(785,66,5,40),(786,66,6,84),(787,66,7,99),(788,66,8,78),(789,66,9,39),(790,66,10,86),(791,66,11,96),(792,66,12,91),(793,67,1,53),(794,67,2,46),(795,67,3,94),(796,67,4,70),(797,67,5,96),(798,67,6,66),(799,67,7,86),(800,67,8,65),(801,67,9,96),(802,67,10,69),(803,67,11,77),(804,67,12,54),(805,68,1,50),(806,68,2,90),(807,68,3,76),(808,68,4,58),(809,68,5,81),(810,68,6,47),(811,68,7,70),(812,68,8,95),(813,68,9,60),(814,68,10,60),(815,68,11,68),(816,68,12,62),(817,69,1,91),(818,69,2,90),(819,69,3,61),(820,69,4,89),(821,69,5,92),(822,69,6,38),(823,69,7,54),(824,69,8,39),(825,69,9,94),(826,69,10,61),(827,69,11,48),(828,69,12,89),(829,70,1,81),(830,70,2,62),(831,70,3,74),(832,70,4,47),(833,70,5,75),(834,70,6,70),(835,70,7,67),(836,70,8,69),(837,70,9,40),(838,70,10,40),(839,70,11,48),(840,70,12,41),(841,71,1,56),(842,71,2,99),(843,71,3,54),(844,71,4,59),(845,71,5,48),(846,71,6,50),(847,71,7,83),(848,71,8,56),(849,71,9,61),(850,71,10,55),(851,71,11,99),(852,71,12,51),(853,72,1,53),(854,72,2,77),(855,72,3,99),(856,72,4,78),(857,72,5,100),(858,72,6,59),(859,72,7,88),(860,72,8,48),(861,72,9,48),(862,72,10,63),(863,72,11,81),(864,72,12,76),(865,73,1,66),(866,73,2,38),(867,73,3,78),(868,73,4,71),(869,73,5,70),(870,73,6,90),(871,73,7,62),(872,73,8,77),(873,73,9,68),(874,73,10,95),(875,73,11,47),(876,73,12,35),(877,74,1,80),(878,74,2,66),(879,74,3,98),(880,74,4,68),(881,74,5,79),(882,74,6,68),(883,74,7,39),(884,74,8,63),(885,74,9,40),(886,74,10,76),(887,74,11,61),(888,74,12,69),(889,75,1,45),(890,75,2,52),(891,75,3,37),(892,75,4,72),(893,75,5,59),(894,75,6,83),(895,75,7,91),(896,75,8,94),(897,75,9,83),(898,75,10,86),(899,75,11,80),(900,75,12,80),(901,76,1,37),(902,76,2,36),(903,76,3,86),(904,76,4,93),(905,76,5,70),(906,76,6,35),(907,76,7,89),(908,76,8,70),(909,76,9,36),(910,76,10,47),(911,76,11,57),(912,76,12,96),(913,77,1,42),(914,77,2,67),(915,77,3,37),(916,77,4,39),(917,77,5,50),(918,77,6,89),(919,77,7,38),(920,77,8,38),(921,77,9,84),(922,77,10,81),(923,77,11,48),(924,77,12,75),(925,78,1,100),(926,78,2,86),(927,78,3,60),(928,78,4,51),(929,78,5,99),(930,78,6,76),(931,78,7,41),(932,78,8,72),(933,78,9,96),(934,78,10,50),(935,78,11,81),(936,78,12,85),(937,79,1,50),(938,79,2,61),(939,79,3,94),(940,79,4,98),(941,79,5,80),(942,79,6,99),(943,79,7,42),(944,79,8,63),(945,79,9,67),(946,79,10,65),(947,79,11,52),(948,79,12,44),(949,80,1,86),(950,80,2,86),(951,80,3,51),(952,80,4,76),(953,80,5,73),(954,80,6,77),(955,80,7,89),(956,80,8,66),(957,80,9,63),(958,80,10,63),(959,80,11,72),(960,80,12,61),(961,81,1,92),(962,81,2,56),(963,81,3,81),(964,81,4,62),(965,81,5,72),(966,81,6,55),(967,81,7,51),(968,81,8,90),(969,81,9,91),(970,81,10,81),(971,81,11,41),(972,81,12,41),(973,82,1,89),(974,82,2,39),(975,82,3,37),(976,82,4,48),(977,82,5,77),(978,82,6,45),(979,82,7,56),(980,82,8,37),(981,82,9,45),(982,82,10,79),(983,82,11,78),(984,82,12,99),(985,83,1,37),(986,83,2,68),(987,83,3,57),(988,83,4,95),(989,83,5,97),(990,83,6,59),(991,83,7,42),(992,83,8,39),(993,83,9,56),(994,83,10,74),(995,83,11,54),(996,83,12,67),(997,84,1,35),(998,84,2,85),(999,84,3,54),(1000,84,4,80),(1001,84,5,35),(1002,84,6,38),(1003,84,7,51),(1004,84,8,97),(1005,84,9,92),(1006,84,10,58),(1007,84,11,72),(1008,84,12,97),(1009,85,1,75),(1010,85,2,49),(1011,85,3,39),(1012,85,4,69),(1013,85,5,82),(1014,85,6,66),(1015,85,7,78),(1016,85,8,62),(1017,85,9,40),(1018,85,10,47),(1019,85,11,96),(1020,85,12,71),(1021,86,1,45),(1022,86,2,62),(1023,86,3,92),(1024,86,4,98),(1025,86,5,76),(1026,86,6,91),(1027,86,7,77),(1028,86,8,53),(1029,86,9,90),(1030,86,10,37),(1031,86,11,79),(1032,86,12,80),(1033,87,1,51),(1034,87,2,56),(1035,87,3,47),(1036,87,4,61),(1037,87,5,96),(1038,87,6,52),(1039,87,7,38),(1040,87,8,90),(1041,87,9,59),(1042,87,10,92),(1043,87,11,44),(1044,87,12,36),(1045,88,1,46),(1046,88,2,58),(1047,88,3,77),(1048,88,4,96),(1049,88,5,100),(1050,88,6,48),(1051,88,7,96),(1052,88,8,43),(1053,88,9,51),(1054,88,10,85),(1055,88,11,83),(1056,88,12,37),(1057,89,1,99),(1058,89,2,78),(1059,89,3,41),(1060,89,4,48),(1061,89,5,43),(1062,89,6,35),(1063,89,7,50),(1064,89,8,65),(1065,89,9,73),(1066,89,10,81),(1067,89,11,35),(1068,89,12,77),(1069,90,1,92),(1070,90,2,47),(1071,90,3,56),(1072,90,4,89),(1073,90,5,96),(1074,90,6,74),(1075,90,7,38),(1076,90,8,77),(1077,90,9,74),(1078,90,10,86),(1079,90,11,99),(1080,90,12,47),(1081,91,1,88),(1082,91,2,88),(1083,91,3,67),(1084,91,4,45),(1085,91,5,70),(1086,91,6,98),(1087,91,7,86),(1088,91,8,68),(1089,91,9,73),(1090,91,10,40),(1091,91,11,62),(1092,91,12,93),(1093,92,1,85),(1094,92,2,71),(1095,92,3,47),(1096,92,4,100),(1097,92,5,89),(1098,92,6,77),(1099,92,7,80),(1100,92,8,36),(1101,92,9,42),(1102,92,10,77),(1103,92,11,88),(1104,92,12,97),(1105,93,1,82),(1106,93,2,69),(1107,93,3,38),(1108,93,4,63),(1109,93,5,61),(1110,93,6,70),(1111,93,7,50),(1112,93,8,41),(1113,93,9,85),(1114,93,10,70),(1115,93,11,67),(1116,93,12,63),(1117,94,1,46),(1118,94,2,83),(1119,94,3,46),(1120,94,4,54),(1121,94,5,88),(1122,94,6,100),(1123,94,7,69),(1124,94,8,51),(1125,94,9,90),(1126,94,10,95),(1127,94,11,100),(1128,94,12,66),(1129,95,1,39),(1130,95,2,47),(1131,95,3,44),(1132,95,4,71),(1133,95,5,79),(1134,95,6,49),(1135,95,7,82),(1136,95,8,84),(1137,95,9,91),(1138,95,10,97),(1139,95,11,62),(1140,95,12,44),(1141,96,1,78),(1142,96,2,75),(1143,96,3,74),(1144,96,4,55),(1145,96,5,77),(1146,96,6,55),(1147,96,7,76),(1148,96,8,75),(1149,96,9,99),(1150,96,10,86),(1151,96,11,90),(1152,96,12,39),(1153,97,1,58),(1154,97,2,42),(1155,97,3,41),(1156,97,4,61),(1157,97,5,40),(1158,97,6,51),(1159,97,7,46),(1160,97,8,80),(1161,97,9,76),(1162,97,10,56),(1163,97,11,36),(1164,97,12,67),(1165,98,1,84),(1166,98,2,98),(1167,98,3,53),(1168,98,4,72),(1169,98,5,89),(1170,98,6,64),(1171,98,7,73),(1172,98,8,85),(1173,98,9,80),(1174,98,10,93),(1175,98,11,85),(1176,98,12,83),(1177,99,1,74),(1178,99,2,83),(1179,99,3,83),(1180,99,4,72),(1181,99,5,92),(1182,99,6,71),(1183,99,7,55),(1184,99,8,44),(1185,99,9,70),(1186,99,10,98),(1187,99,11,45),(1188,99,12,35),(1189,100,1,73),(1190,100,2,59),(1191,100,3,48),(1192,100,4,82),(1193,100,5,87),(1194,100,6,50),(1195,100,7,35),(1196,100,8,59),(1197,100,9,94),(1198,100,10,73),(1199,100,11,77),(1200,100,12,66);
/*!40000 ALTER TABLE `score` ENABLE KEYS */;
UNLOCK TABLES;

--
-- Table structure for table `student`
--

DROP TABLE IF EXISTS `student`;
/*!40101 SET @saved_cs_client     = @@character_set_client */;
/*!50503 SET character_set_client = utf8mb4 */;
CREATE TABLE `student` (
  `sid` int NOT NULL AUTO_INCREMENT,
  `sname` varchar(16) NOT NULL,
  `gender` char(1) NOT NULL,
  `class_id` int NOT NULL,
  PRIMARY KEY (`sid`),
  KEY `fk_student_class` (`class_id`),
  CONSTRAINT `fk_student_class` FOREIGN KEY (`class_id`) REFERENCES `class` (`cid`)
) ENGINE=InnoDB AUTO_INCREMENT=1002 DEFAULT CHARSET=utf8mb3;
/*!40101 SET character_set_client = @saved_cs_client */;

--
-- Dumping data for table `student`
--

LOCK TABLES `student` WRITE;
/*!40000 ALTER TABLE `student` DISABLE KEYS */;
INSERT INTO `student` VALUES (1,'孟桂英','女',8),(2,'张桂英','男',3),(3,'王茗泽','女',11),(4,'唐丽','男',14),(5,'任语桐','女',11),(6,'路小丽','女',16),(7,'钱沐','男',13),(8,'钱子','男',7),(9,'滑艳','女',10),(10,'廉子涵','男',3),(11,'甄军','女',16),(12,'廉悠然','男',9),(13,'钭楠','男',1),(14,'王浩然','女',9),(15,'裴敏','女',14),(16,'钱大','男',7),(17,'丁安','男',2),(18,'钱兰英','男',12),(19,'乐玉梅','女',13),(20,'李来','男',14),(21,'赵之','女',11),(22,'姚语汐','男',17),(23,'梅小丽','男',16),(24,'钱群','男',4),(25,'蓝奕泽','男',1),(26,'张国伟','男',12),(27,'钱群','男',13),(28,'喻月','女',18),(29,'费子','女',9),(30,'元俊杰','女',4),(31,'应宇泽','女',9),(32,'羿平','男',17),(33,'巴国伟','男',5),(34,'屈悦','男',21),(35,'卞艳','女',15),(36,'毕玥','男',21),(37,'何宇泽','女',7),(38,'李桂兰','男',19),(39,'贾奕辰','男',21),(40,'於沐宸','男',19),(41,'姜秀英','女',16),(42,'邬娟','女',21),(43,'王国庆','男',13),(44,'张阳','女',21),(45,'湛默','女',6),(46,'钱汐','女',16),(47,'许国庆','男',20),(48,'钱苡沫','男',10),(49,'倪静','女',14),(50,'祖茗泽','男',7),(51,'吴子','男',13),(52,'巫海燕','男',12),(53,'平茗泽','女',4),(54,'娄娜','男',16),(55,'李娜','男',10),(56,'仇语桐','男',22),(57,'钱玉梅','女',2),(58,'赵秀珍','女',9),(59,'张语桐','男',10),(60,'靳丽','女',19),(61,'戎桂兰','男',4),(62,'钱国庆','女',18),(63,'王语汐','男',15),(64,'李建华','男',22),(65,'钱秀珍','男',3),(66,'季秀珍','男',11),(67,'李平','女',10),(68,'侯芝兰','女',5),(69,'郝子涵','女',9),(70,'常阳','男',14),(71,'殷星辰','男',6),(72,'苗宇泽','男',10),(73,'张阳','男',14),(74,'钱宇泽','男',16),(75,'钱沐','女',10),(76,'陶伟','男',9),(77,'范悦','女',12),(78,'羿丽','男',19),(79,'王悠然','女',4),(80,'赵帅','女',16),(81,'王仕','男',19),(82,'宋子墨','女',19),(83,'单苡沫','男',9),(84,'王帅','男',3),(85,'钱沐辰','男',2),(86,'邱奕泽','女',15),(87,'富芝兰','女',3),(88,'许秀英','女',4),(89,'许梓','男',22),(90,'段英','男',11),(91,'贾秀兰','男',11),(92,'明悦','女',10),(93,'廉杰','男',13),(94,'魏欣怡','女',12),(95,'马芳','女',12),(96,'梁之','女',8),(97,'姚艺涵','男',12),(98,'张子墨','男',22),(99,'惠文君','男',17),(100,'杭明','女',4),(101,'袁泽','女',19),(102,'康桂兰','女',8),(103,'崔婷婷','男',13),(104,'骆世','男',9),(105,'经沐辰','男',10),(106,'王霖','女',10),(107,'韩子涵','男',6),(108,'骆月','女',5),(109,'钱国伟','男',6),(110,'钱汐','男',4),(111,'童宇轩','女',12),(112,'赵娜','男',14),(113,'谷苡沫','男',3),(114,'钱汐','男',22),(115,'钱群','女',6),(116,'郝奕泽','男',1),(117,'崔杰','男',22),(118,'钱静','女',6),(119,'傅艺涵','男',11),(120,'沈沐宸','女',11),(121,'许大','男',15),(122,'毛玥','女',17),(123,'席娜','女',9),(124,'王国庆','男',12),(125,'鲁勇','女',13),(126,'邵大','女',2),(127,'钱默','男',7),(128,'王艺涵','男',21),(129,'魏强','男',10),(130,'钱伟','男',11),(131,'芮大','女',13),(132,'钱默','男',16),(133,'孟子墨','女',20),(134,'谷涛','男',2),(135,'祁芳','男',20),(136,'祁玉梅','女',20),(137,'陶梓涵','女',6),(138,'臧平','女',22),(139,'暴雨桐','女',20),(140,'王语汐','女',8),(141,'云奕辰','女',11),(142,'伊艳','女',12),(143,'车宇轩','女',18),(144,'家浩然','女',14),(145,'明安','男',5),(146,'丁梓萱','女',13),(147,'李娟','女',2),(148,'钱婷婷','女',13),(149,'王语桐','女',15),(150,'王娟','女',19),(151,'羿国伟','女',7),(152,'钱静','男',16),(153,'郭军','男',5),(154,'王浩宇','女',8),(155,'李雨桐','女',20),(156,'单桂英','男',15),(157,'钱芳','男',15),(158,'季浩宇','男',7),(159,'王苡沫','男',9),(160,'朱英','男',10),(161,'赵泽','男',15),(162,'钱国庆','男',19),(163,'严强','男',8),(164,'贺汐','男',13),(165,'钱沐辰','男',10),(166,'王军','男',19),(167,'邹宇泽','男',14),(168,'姜秀英','女',10),(169,'钱开','男',18),(170,'宗玉梅','男',20),(171,'钱安琪','男',10),(172,'刁茗泽','女',14),(173,'邬芮','男',11),(174,'唐建国','女',19),(175,'滑强','女',9),(176,'张子墨','女',6),(177,'钱语桐','女',16),(178,'钱笙','女',18),(179,'松艳','男',19),(180,'宓芳','女',22),(181,'郑之','女',2),(182,'洪语汐','女',13),(183,'邹磊','男',7),(184,'李建华','男',16),(185,'张芮','女',10),(186,'沈依诺','男',12),(187,'乌子涵','男',21),(188,'庞梓','女',1),(189,'符全','女',8),(190,'姜全','男',2),(191,'韶兰英','男',16),(192,'傅玉梅','女',13),(193,'王语汐','女',12),(194,'钱欣怡','男',11),(195,'王艳','女',7),(196,'王安琪','女',22),(197,'仇涛','男',16),(198,'邵奕泽','男',17),(199,'施秀英','女',15),(200,'李沐宸','女',19),(201,'安强','男',1),(202,'李沐','女',7),(203,'管全','男',14),(204,'萧依诺','女',13),(205,'华浩然','女',16),(206,'钱沐宸','男',1),(207,'钱子墨','女',4),(208,'曹宇泽','女',17),(209,'李若汐','男',21),(210,'许沐宸','男',12),(211,'张杰','男',12),(212,'宫泽','女',10),(213,'强桂英','男',22),(214,'钱沐辰','男',5),(215,'李之','女',1),(216,'祁来','男',16),(217,'储桂英','男',19),(218,'栾一诺','男',17),(219,'裘勇','女',14),(220,'李伟','女',21),(221,'钱军','男',16),(222,'蒋玥','男',2),(223,'钱涛','男',9),(224,'张欣怡','男',12),(225,'时世','男',13),(226,'潘汐','女',21),(227,'顾沐阳','男',8),(228,'王宇轩','女',12),(229,'褚霖','男',13),(230,'郑娟','男',3),(231,'赵秀兰','男',19),(232,'戚一诺','男',10),(233,'钱秀英','女',14),(234,'钱梓','男',20),(235,'徐浩然','男',22),(236,'巫沐宸','男',17),(237,'和若汐','男',21),(238,'麴霖','男',10),(239,'龙平','女',12),(240,'钱婷婷','女',21),(241,'臧奕辰','男',2),(242,'赵默','女',21),(243,'邹军','男',8),(244,'李阳','女',4),(245,'郭文君','男',5),(246,'昌悦','女',9),(247,'管子墨','女',13),(248,'王群','女',6),(249,'卢雨桐','女',18),(250,'车军','女',9),(251,'邢全','男',13),(252,'司军','女',12),(253,'束桂英','女',10),(254,'谢世','女',1),(255,'张大','男',12),(256,'陆汐','男',1),(257,'史沐阳','女',16),(258,'洪全','女',14),(259,'张兰英','女',4),(260,'钱军','女',14),(261,'滕勇','男',14),(262,'宋默','男',1),(263,'柏秀兰','女',15),(264,'戚玉梅','男',5),(265,'茅泽','男',1),(266,'王文君','女',18),(267,'于玉兰','男',4),(268,'钱桂英','男',10),(269,'安安','男',10),(270,'乐雨桐','男',11),(271,'陆平','女',20),(272,'裘强','男',2),(273,'盛雨桐','男',9),(274,'伊桂兰','女',6),(275,'钱婷婷','女',16),(276,'张娟','女',6),(277,'王笙','男',15),(278,'弓世','女',9),(279,'阮建国','女',4),(280,'张国庆','男',19),(281,'万沐辰','男',19),(282,'张小丽','男',1),(283,'钱艺涵','男',15),(284,'钱航','女',13),(285,'张默','女',22),(286,'幸宇轩','男',22),(287,'蓝星辰','男',12),(288,'席国伟','女',22),(289,'费月','男',14),(290,'娄俊杰','女',9),(291,'水帅','女',18),(292,'张婷婷','男',20),(293,'赵汐','男',5),(294,'郑国伟','女',4),(295,'钱泽','女',20),(296,'董沐阳','女',15),(297,'姜磊','女',11),(298,'钱浩宇','女',14),(299,'严娟','男',11),(300,'宋月','女',10),(301,'魏仕','男',21),(302,'卞依诺','女',15),(303,'钱语桐','女',19),(304,'卫仕','男',7),(305,'钱月','女',2),(306,'翁帅','女',17),(307,'钱月','女',11),(308,'张群','男',14),(309,'杭英','女',6),(310,'李磊','女',22),(311,'李海燕','女',2),(312,'钱明','女',9),(313,'王桂英','女',15),(314,'钱玉','男',10),(315,'张仕','女',17),(316,'秋秀英','女',13),(317,'李沐','男',16),(318,'麻帅','女',2),(319,'安小丽','男',17),(320,'王之','女',13),(321,'钱浩宇','男',16),(322,'禹语桐','女',6),(323,'王子墨','女',17),(324,'仇沐辰','女',13),(325,'熊宇','女',11),(326,'柯杰','男',16),(327,'於宇泽','男',12),(328,'王航','男',3),(329,'钱英','男',18),(330,'钱浩然','男',18),(331,'栾桂兰','男',17),(332,'钱奕辰','女',7),(333,'蓬俊杰','女',20),(334,'王沐','女',11),(335,'钱子涵','男',1),(336,'危文君','女',9),(337,'水之','女',8),(338,'王文君','男',15),(339,'张丽','男',1),(340,'赵安','男',2),(341,'范婷婷','男',15),(342,'王英','男',1),(343,'赵桂英','男',16),(344,'茅强','女',1),(345,'赵子涵','男',14),(346,'解来','男',21),(347,'唐玉兰','男',14),(348,'郁沐辰','女',14),(349,'廉明','男',9),(350,'钱一诺','男',3),(351,'王勇','女',8),(352,'麴俊杰','男',2),(353,'狄英','男',16),(354,'莫霖','女',12),(355,'安阳','男',17),(356,'王建华','男',17),(357,'李伟','男',8),(358,'谢阳','女',21),(359,'嵇芳','女',18),(360,'诸星辰','女',16),(361,'任梓','男',15),(362,'王伟','女',20),(363,'成子涵','女',21),(364,'赵杰','男',13),(365,'汤奕泽','男',22),(366,'姚奕辰','男',20),(367,'水伟','男',12),(368,'计秀兰','男',19),(369,'栾英','女',3),(370,'张笙','女',2),(371,'元语桐','女',1),(372,'王杰','女',1),(373,'管芳','女',6),(374,'钟星辰','女',13),(375,'张笙','女',11),(376,'张语汐','女',13),(377,'钱奕辰','男',8),(378,'强悠然','男',14),(379,'时奕辰','女',5),(380,'王全','女',16),(381,'朱子涵','女',2),(382,'吕奕辰','男',21),(383,'魏丽','女',2),(384,'王开','女',22),(385,'魏依诺','男',12),(386,'王沐辰','男',11),(387,'钱悠然','女',16),(388,'张仕','男',4),(389,'祁语汐','男',5),(390,'沈楠','女',5),(391,'应奕泽','男',19),(392,'龙奕辰','男',10),(393,'张语汐','男',6),(394,'钮宇','男',20),(395,'毕娜','男',9),(396,'邢国伟','女',18),(397,'张苡沫','男',3),(398,'雷国庆','女',4),(399,'张苡沫','男',12),(400,'甄悦','男',21),(401,'羊世','男',5),(402,'张强','女',12),(403,'钱群','女',20),(404,'岑开','男',7),(405,'郑杰','女',9),(406,'盛勇','男',17),(407,'厉茗泽','男',12),(408,'张沐阳','男',3),(409,'纪国庆','男',21),(410,'钱沐阳','女',20),(411,'章宇泽','女',21),(412,'钱艺涵','男',18),(413,'季国庆','女',10),(414,'李涛','女',18),(415,'汲梓涵','男',15),(416,'曹若汐','女',1),(417,'张秀兰','男',19),(418,'支语桐','女',2),(419,'祁世','女',4),(420,'靳世','男',11),(421,'沈艺涵','男',1),(422,'孙文君','男',13),(423,'叶若汐','男',8),(424,'袁语汐','男',13),(425,'魏敏','女',16),(426,'诸建华','女',20),(427,'於磊','女',7),(428,'俞开','男',18),(429,'伊霖','女',7),(430,'卜安','女',11),(431,'张来','男',8),(432,'元语桐','男',16),(433,'余芮','女',21),(434,'高娟','男',16),(435,'纪平','男',3),(436,'麴小丽','男',5),(437,'钱浩宇','男',10),(438,'崔强','女',20),(439,'项梓萱','女',6),(440,'邬秀珍','男',1),(441,'席依诺','女',16),(442,'葛桂英','男',18),(443,'龙若汐','男',5),(444,'赵大','男',14),(445,'郁星辰','女',16),(446,'封子墨','男',3),(447,'夏国庆','女',7),(448,'罗茗泽','女',21),(449,'殷秀珍','男',19),(450,'高帅','女',14),(451,'谷军','男',12),(452,'张艺涵','男',2),(453,'钱磊','女',22),(454,'司茗泽','女',21),(455,'张英','女',16),(456,'封欣怡','女',8),(457,'王静','男',1),(458,'张宇轩','男',3),(459,'袁来','女',5),(460,'王阳','男',12),(461,'魏丽','女',1),(462,'王文君','男',18),(463,'缪敏','男',14),(464,'顾英','女',2),(465,'陆群','男',6),(466,'钱奕泽','男',18),(467,'羿宇泽','男',22),(468,'隗国庆','女',22),(469,'贾桂英','男',11),(470,'卢星辰','男',18),(471,'施玉兰','女',3),(472,'钱海燕','男',3),(473,'王娜','男',20),(474,'钱语汐','男',1),(475,'计玉兰','男',22),(476,'汪娜','女',9),(477,'彭强','男',13),(478,'酆航','女',16),(479,'张语汐','男',14),(480,'王芮','女',18),(481,'张建国','女',1),(482,'华楠','男',10),(483,'巴默','女',14),(484,'计奕泽','男',12),(485,'茅沐阳','男',4),(486,'芮芳','女',2),(487,'钱宇轩','女',16),(488,'王全','男',17),(489,'钱悦','男',10),(490,'戴浩然','女',12),(491,'钱沐阳','女',1),(492,'张雨桐','女',13),(493,'酆悠然','女',3),(494,'钱强','女',11),(495,'麻大','男',8),(496,'王桂兰','女',8),(497,'乌伟','女',16),(498,'蓬浩然','女',7),(499,'祖海燕','女',22),(500,'张默','女',15),(501,'贲娜','男',3),(502,'钱苡沫','男',22),(503,'於磊','男',13),(504,'钮伟','女',14),(505,'钱星辰','女',8),(506,'段依诺','男',6),(507,'张浩宇','女',15),(508,'范浩然','男',17),(509,'卫雨桐','男',3),(510,'裘玉','女',17),(511,'邱秀英','男',11),(512,'钱沐辰','女',21),(513,'宋秀珍','男',11),(514,'苏桂英','男',10),(515,'管梓萱','女',11),(516,'秋娟','男',20),(517,'王海燕','女',17),(518,'贺苡沫','女',4),(519,'张娜','男',1),(520,'王子','女',17),(521,'王苡沫','男',4),(522,'刘欣怡','男',1),(523,'费欣怡','女',14),(524,'李国伟','男',11),(525,'平玉梅','男',18),(526,'家悠然','女',1),(527,'龙来','女',22),(528,'刘奕辰','女',17),(529,'褚月','女',20),(530,'孟悦','女',18),(531,'骆娟','男',4),(532,'廉语汐','女',12),(533,'毛建华','男',16),(534,'宗奕辰','女',12),(535,'盛泽','男',12),(536,'钱勇','男',1),(537,'张安琪','男',21),(538,'王奕泽','女',6),(539,'骆之','女',15),(540,'钱梓涵','男',16),(541,'钱国庆','女',16),(542,'王帅','女',8),(543,'宋沐','女',1),(544,'王明','女',1),(545,'干仕','女',22),(546,'贾悠然','女',3),(547,'邹默','女',7),(548,'莫语汐','女',20),(549,'钱奕泽','男',17),(550,'甘建国','男',8),(551,'熊群','男',13),(552,'花丽','女',7),(553,'喻玥','女',18),(554,'王明','女',10),(555,'赵奕泽','男',6),(556,'赵婷婷','女',5),(557,'储泽','女',22),(558,'惠沐宸','女',16),(559,'赵奕泽','男',15),(560,'纪奕辰','女',8),(561,'凌苡沫','女',2),(562,'王汐','男',18),(563,'钱语汐','女',3),(564,'钱海燕','女',14),(565,'钱子墨','女',8),(566,'单阳','女',11),(567,'全子涵','男',16),(568,'钱桂兰','女',13),(569,'吉若汐','男',8),(570,'卫大','男',5),(571,'家仕','男',22),(572,'云航','女',7),(573,'韩月','男',8),(574,'莫之','男',5),(575,'李开','男',1),(576,'严梓涵','女',4),(577,'贝梓萱','男',7),(578,'潘宇','女',6),(579,'云玉兰','男',7),(580,'李开','男',19),(581,'麻一诺','女',8),(582,'徐群','男',22),(583,'车国伟','女',4),(584,'宓雨桐','女',22),(585,'胡沐','男',17),(586,'尹建国','男',18),(587,'宁梓','女',21),(588,'王安','男',3),(589,'钱勇','男',5),(590,'钭小丽','女',1),(591,'丁安琪','女',4),(592,'钭默','男',21),(593,'王海燕','男',4),(594,'安子墨','男',16),(595,'陈沐','男',18),(596,'巫航','女',20),(597,'崔玉梅','男',2),(598,'钱沐阳','男',2),(599,'韦宇','女',2),(600,'荀小丽','男',22),(601,'赵浩宇','女',15),(602,'滕依诺','女',8),(603,'钱帅','女',16),(604,'夏梓萱','女',4),(605,'戎建华','男',12),(606,'李之','男',6),(607,'王奕泽','男',12),(608,'贾娟','男',6),(609,'龙梓','女',10),(610,'张杰','男',20),(611,'于文君','女',12),(612,'李沐阳','女',21),(613,'方阳','男',8),(614,'张楠','女',10),(615,'蔡建国','女',13),(616,'钱沐辰','男',22),(617,'柯一诺','女',22),(618,'弓梓','男',11),(619,'符依诺','女',9),(620,'熊奕泽','女',16),(621,'张玥','男',14),(622,'经子','女',5),(623,'韩海燕','女',15),(624,'王艺涵','女',22),(625,'钱星辰','女',11),(626,'王语汐','男',12),(627,'舒泽','女',11),(628,'孔子','女',22),(629,'葛涛','女',9),(630,'钱桂兰','男',10),(631,'赵欣怡','男',18),(632,'翁世','女',20),(633,'王悠然','男',7),(634,'糜玉','男',13),(635,'幸奕辰','男',22),(636,'王依诺','女',4),(637,'熊梓涵','女',20),(638,'符悦','女',10),(639,'钱俊杰','女',10),(640,'钱子墨','女',16),(641,'荀阳','男',13),(642,'钱全','男',3),(643,'和玉兰','女',5),(644,'李艺涵','男',20),(645,'郎沐辰','男',8),(646,'皮玥','女',10),(647,'危开','男',7),(648,'钱国伟','女',1),(649,'钱梓','女',21),(650,'司奕泽','女',3),(651,'曹伟','女',13),(652,'卞玉梅','男',9),(653,'贾芳','男',15),(654,'钱芳','女',15),(655,'鲍静','男',5),(656,'钱星辰','女',6),(657,'李建华','男',14),(658,'钱奕泽','男',2),(659,'张开','男',11),(660,'穆玉','男',6),(661,'钭欣怡','女',22),(662,'康文君','男',11),(663,'沈依诺','男',19),(664,'苏月','女',22),(665,'戎梓涵','女',20),(666,'管桂兰','女',17),(667,'万国伟','女',11),(668,'苏浩宇','女',13),(669,'钱国伟','男',3),(670,'舒军','女',18),(671,'暴静','女',16),(672,'钱国伟','男',12),(673,'景汐','女',4),(674,'钱国伟','男',21),(675,'高大','男',18),(676,'束玉梅','女',10),(677,'魏浩然','女',13),(678,'暴楠','女',13),(679,'钱星辰','男',8),(680,'王帅','男',4),(681,'褚汐','男',3),(682,'黄依诺','女',6),(683,'盛汐','男',5),(684,'赵群','男',5),(685,'傅沐','男',5),(686,'赵建华','男',6),(687,'郗群','女',13),(688,'仲子','男',14),(689,'常小丽','男',13),(690,'王安','男',6),(691,'甘子涵','女',8),(692,'施航','女',11),(693,'景宇泽','女',16),(694,'钱月','女',10),(695,'王安琪','女',6),(696,'王勇','女',21),(697,'计梓萱','男',2),(698,'施勇','男',6),(699,'傅子','男',18),(700,'龚霖','女',20),(701,'钮群','女',21),(702,'山茗泽','男',11),(703,'李玉兰','男',6),(704,'姜奕泽','男',19),(705,'苗梓涵','男',17),(706,'钱芳','男',3),(707,'戴军','女',13),(708,'干建华','男',12),(709,'李桂英','男',8),(710,'洪明','女',2),(711,'唐小丽','女',1),(712,'钱玉梅','男',9),(713,'李秀兰','女',12),(714,'李桂兰','男',1),(715,'洪明','女',20),(716,'李秀兰','女',21),(717,'钱玉梅','男',18),(718,'郑泽','女',20),(719,'赵丽','男',6),(720,'张一诺','男',6),(721,'钱浩宇','女',8),(722,'金艺涵','男',2),(723,'司秀珍','男',6),(724,'钱平','女',11),(725,'焦敏','女',11),(726,'张平','女',20),(727,'舒阳','女',22),(728,'舒泽','男',2),(729,'钱芝兰','女',17),(730,'钱帅','男',3),(731,'郁沐辰','男',19),(732,'张仕','男',8),(733,'钱艺涵','女',20),(734,'赵仕','男',1),(735,'童玉梅','男',3),(736,'李悠然','女',9),(737,'张仕','男',17),(738,'王秀兰','男',12),(739,'谢茗泽','男',9),(740,'王霖','男',12),(741,'成之','男',5),(742,'水子','女',7),(743,'牧勇','男',2),(744,'邓语桐','男',21),(745,'罗敏','男',1),(746,'纪欣怡','女',8),(747,'钮建华','男',2),(748,'暴静','女',15),(749,'尤芳','男',19),(750,'梅军','男',4),(751,'王娟','女',11),(752,'闵勇','男',6),(753,'李秀兰','男',22),(754,'盛国庆','男',5),(755,'裘安琪','男',1),(756,'韶芳','女',9),(757,'暴桂英','男',6),(758,'惠小丽','男',13),(759,'谢明','女',9),(760,'钱玥','女',20),(761,'李宇轩','男',1),(762,'邴来','女',4),(763,'栾一诺','男',5),(764,'凤欣怡','女',16),(765,'钱浩宇','女',21),(766,'孔伟','男',19),(767,'王英','男',4),(768,'喻秀英','女',2),(769,'舒杰','男',7),(770,'卞玥','男',17),(771,'杭梓','女',18),(772,'王英','男',22),(773,'吉汐','女',1),(774,'蓝子','女',12),(775,'张仕','女',15),(776,'汤沐阳','女',6),(777,'赵秀兰','男',7),(778,'李雨桐','男',4),(779,'孙建华','男',14),(780,'明悠然','男',10),(781,'梁子涵','男',15),(782,'杭建华','女',10),(783,'王玉梅','男',7),(784,'王建华','女',5),(785,'钱平','男',17),(786,'邱仕','女',9),(787,'纪勇','男',18),(788,'汲玉','女',18),(789,'皮阳','男',1),(790,'程艺涵','女',18),(791,'张文君','女',15),(792,'李秀兰','女',11),(793,'刁建华','女',17),(794,'张敏','女',12),(795,'芮梓萱','男',21),(796,'钱梓','女',1),(797,'倪汐','女',22),(798,'秋阳','男',2),(799,'仇秀珍','女',18),(800,'巫艳','男',12),(801,'闵平','女',9),(802,'钱平','女',10),(803,'王艳','男',1),(804,'雷磊','男',4),(805,'钱浩宇','女',7),(806,'李安琪','男',15),(807,'糜全','男',2),(808,'支笙','女',5),(809,'钟娟','男',11),(810,'李海燕','男',11),(811,'戎雨桐','女',21),(812,'王沐阳','男',17),(813,'钮汐','男',5),(814,'李月','女',6),(815,'和桂兰','男',19),(816,'安敏','男',17),(817,'祖沐','女',13),(818,'王秀兰','女',5),(819,'巴国庆','女',9),(820,'昌梓','女',19),(821,'丁明','男',4),(822,'强月','女',2),(823,'刁勇','男',18),(824,'张丽','女',19),(825,'嵇杰','男',6),(826,'戴帅','女',17),(827,'章全','女',19),(828,'於国伟','女',19),(829,'吉群','男',21),(830,'张国庆','男',7),(831,'张艳','女',17),(832,'范语桐','女',15),(833,'钱雨桐','女',8),(834,'李楠','女',1),(835,'钱英','男',2),(836,'封沐阳','女',9),(837,'常伟','男',18),(838,'钱奕辰','男',15),(839,'龙若汐','男',13),(840,'常玉兰','女',4),(841,'钱仕','女',22),(842,'赵兰英','男',4),(843,'钱雨桐','男',11),(844,'葛星辰','女',3),(845,'钱子','男',18),(846,'明兰英','男',20),(847,'贲敏','男',5),(848,'薛海燕','女',20),(849,'王沐阳','男',12),(850,'钱子','女',12),(851,'史秀珍','女',10),(852,'李奕辰','男',4),(853,'仲阳','女',13),(854,'李来','男',16),(855,'李汐','男',9),(856,'王沐阳','女',15),(857,'萧悦','女',21),(858,'景芮','女',12),(859,'蔡梓涵','女',18),(860,'施星辰','女',10),(861,'严子','女',3),(862,'王子墨','女',5),(863,'张雨桐','女',3),(864,'崔依诺','女',14),(865,'吴秀兰','男',22),(866,'钱之','男',19),(867,'支沐阳','女',16),(868,'钱敏','男',14),(869,'秋来','男',18),(870,'钱玉','女',19),(871,'骆楠','女',12),(872,'经宇轩','男',8),(873,'宗群','男',14),(874,'李宇泽','男',13),(875,'王俊杰','女',17),(876,'钱月','男',1),(877,'王玉','男',4),(878,'和世','女',9),(879,'奚宇轩','女',13),(880,'王文君','男',3),(881,'钱英','女',9),(882,'甄子涵','女',20),(883,'钱娜','男',12),(884,'钱子','男',13),(885,'伍子墨','女',14),(886,'戎玥','男',15),(887,'皮丽','男',3),(888,'钱之','女',21),(889,'乐桂兰','女',14),(890,'詹语汐','女',5),(891,'段俊杰','女',19),(892,'骆秀珍','女',9),(893,'钱雨桐','男',5),(894,'许明','男',11),(895,'钱世','女',14),(896,'康沐辰','男',6),(897,'钱宇轩','男',16),(898,'钱语汐','男',13),(899,'张沐辰','女',4),(900,'韩宇泽','女',3),(901,'庞沐阳','女',2),(902,'缪宇泽','女',8),(903,'李国庆','女',3),(904,'李涛','男',18),(905,'茅宇轩','男',10),(906,'张世','女',20),(907,'羿娟','女',18),(908,'席秀英','男',19),(909,'宗茗泽','男',8),(910,'钱玉','男',11),(911,'张子','男',16),(912,'王玉梅','男',1),(913,'梅浩然','女',12),(914,'诸帅','女',10),(915,'王玉梅','男',10),(916,'钱玉兰','女',6),(917,'童开','女',22),(918,'李安','男',17),(919,'王建华','女',17),(920,'詹玉梅','女',18),(921,'王梓萱','男',18),(922,'唐俊杰','女',11),(923,'王航','男',4),(924,'刁沐宸','男',22),(925,'臧一诺','女',21),(926,'解秀兰','女',2),(927,'湛子墨','男',21),(928,'干建国','男',6),(929,'祖开','女',21),(930,'钱悠然','女',4),(931,'赵玥','男',5),(932,'康来','男',18),(933,'巴玉兰','男',7),(934,'张国伟','男',13),(935,'苏桂英','女',7),(936,'李国庆','男',4),(937,'缪梓','男',17),(938,'钱语汐','女',2),(939,'祁浩然','女',22),(940,'钱语汐','女',11),(941,'王伟','女',3),(942,'张子','男',11),(943,'卢梓萱','男',1),(944,'张秀珍','男',16),(945,'张沐阳','女',21),(946,'侯兰英','女',5),(947,'王桂兰','女',6),(948,'莫沐阳','男',14),(949,'高文君','女',6),(950,'糜秀珍','男',8),(951,'钱茗泽','女',5),(952,'钱建国','女',17),(953,'钱艳','女',19),(954,'毛子','女',15),(955,'景磊','女',20),(956,'钱开','女',19),(957,'王玉','男',3),(958,'彭涛','女',6),(959,'王静','男',3),(960,'王玉兰','男',17),(961,'宗阳','女',12),(962,'钱梓涵','男',19),(963,'骆俊杰','男',11),(964,'章来','男',22),(965,'何俊杰','女',21),(966,'巫泽','女',14),(967,'邢梓','男',21),(968,'储安琪','男',22),(969,'萧浩宇','女',13),(970,'钱梓萱','男',4),(971,'成语桐','男',19),(972,'武沐辰','女',17),(973,'赵艳','女',12),(974,'昌桂英','女',9),(975,'成一诺','男',18),(976,'张玉','女',10),(977,'祝芝兰','男',6),(978,'酆浩宇','女',6),(979,'方楠','男',4),(980,'顾梓','男',1),(981,'萧芝兰','女',1),(982,'伊月','男',12),(983,'隗丽','男',1),(984,'车梓萱','女',11),(985,'王静','女',14),(986,'荣苡沫','男',11),(987,'张芝兰','男',17),(988,'山奕辰','女',17),(989,'林浩然','女',4),(990,'戎军','女',15),(991,'富苡沫','女',22),(992,'钱之','男',4),(993,'赵泽','男',17),(994,'钱国庆','男',21),(995,'王秀珍','女',10),(996,'陈霖','女',6),(997,'项月','男',13),(998,'蒋奕辰','女',19),(999,'焦语桐','女',14),(1000,'张沐阳','男',13),(1001,'钱浩然','男',9);
/*!40000 ALTER TABLE `student` ENABLE KEYS */;
UNLOCK TABLES;

--
-- Table structure for table `teacher`
--

DROP TABLE IF EXISTS `teacher`;
/*!40101 SET @saved_cs_client     = @@character_set_client */;
/*!50503 SET character_set_client = utf8mb4 */;
CREATE TABLE `teacher` (
  `tid` int NOT NULL AUTO_INCREMENT,
  `tname` varchar(16) NOT NULL,
  PRIMARY KEY (`tid`)
) ENGINE=InnoDB AUTO_INCREMENT=25 DEFAULT CHARSET=utf8mb3;
/*!40101 SET character_set_client = @saved_cs_client */;

--
-- Dumping data for table `teacher`
--

LOCK TABLES `teacher` WRITE;
/*!40000 ALTER TABLE `teacher` DISABLE KEYS */;
INSERT INTO `teacher` VALUES (1,'波多'),(2,'苍空'),(3,'饭岛'),(4,'张一鸣'),(5,'张三'),(6,'李四'),(7,'王五'),(8,'张开'),(9,'张家大'),(10,'李莉'),(11,'王媛'),(12,'卜悦'),(13,'慕容心怡'),(14,'邓全'),(15,'木小吉'),(16,'王浩宇'),(17,'红狼'),(18,'乌鲁鲁'),(19,'张姐'),(20,'露娜'),(21,'牧羊'),(22,'麦晓雯'),(23,'王浩宇'),(24,'牧之');
/*!40000 ALTER TABLE `teacher` ENABLE KEYS */;
UNLOCK TABLES;
/*!40103 SET TIME_ZONE=@OLD_TIME_ZONE */;

/*!40101 SET SQL_MODE=@OLD_SQL_MODE */;
/*!40014 SET FOREIGN_KEY_CHECKS=@OLD_FOREIGN_KEY_CHECKS */;
/*!40014 SET UNIQUE_CHECKS=@OLD_UNIQUE_CHECKS */;
/*!40101 SET CHARACTER_SET_CLIENT=@OLD_CHARACTER_SET_CLIENT */;
/*!40101 SET CHARACTER_SET_RESULTS=@OLD_CHARACTER_SET_RESULTS */;
/*!40101 SET COLLATION_CONNECTION=@OLD_COLLATION_CONNECTION */;
/*!40111 SET SQL_NOTES=@OLD_SQL_NOTES */;

-- Dump completed on 2026-05-25 21:27:48
